source_file,steps,eff_workers_mean,eff_workers_p5,eff_workers_p95,solve_wall_mean_us,island_cpu_mean_us
yope_profile_N12000.csv,284,8.71596420104853,8.392411292480604,8.882092346006884,26432.526232394368,231900.34676056338
yope_profile_N16000.csv,212,8.70839635917872,8.191526956796595,8.899662626522607,32720.766933962263,287990.37560849055
yope_profile_N2000.csv,2232,7.88048113927323,6.872525476841199,8.492452553478065,3644.6890860215053,28557.96859408602
yope_profile_N4000.csv,846,8.296506505977819,7.692773256250526,8.609212723284074,10451.072730496453,86576.20384869976
yope_profile_N8000.csv,423,8.65808177026765,8.409859709420436,8.819923941696882,19189.167848699763,166142.99529078015
